{"_wandb":{"runtime":393},"_timestamp":1.7333712188557658e+09,"_runtime":100.708302234,"_step":0,"pstep":0,"loss":1.2122418880462646,"f1":0.8829453587532043,"lr":7.999999950651978e-05}