{"loss":1.1149163246154785,"f1":0.9419708847999573,"lr":7.999999950651978e-05,"_timestamp":1.7333710338614082e+09,"_runtime":99.498772111,"_wandb":{"runtime":113},"_step":0,"pstep":0}