{"loss":0.9830136299133301,"f1":0.06768158078193665,"_wandb":{"runtime":72},"lr":7.999999950651978e-05,"_timestamp":1.7333829505814574e+09,"_runtime":22.732457282,"_step":0,"pstep":0}